) for {0},) สำหรับ {0}
A {0} exists between {1} and {2} (,มี {0} อยู่ระหว่าง {1} และ {2} (
Absent,ขาดงาน
Accrual Journal Entry for salaries from {0} to {1},วันที่ลงบัญชีค่าจ้างสำหรับเดือน {0} ถึง {1}
Add to Details,เพิ่มเข้าสู่รายละเอียด
Added to details,เพิ่มเข้าไปในรายละเอียด
All Jobs,การงานทั้งหมด
Allocated Leaves,การได้รับการลาที่ได้รับการจัดสรร
Annual Salary,เงินเดือนประจำปี
Application period cannot be across two allocation records,ไม่สามารถกำหนดงวดการสมัครข้ามระเบียนการจัดสรรสองรายการได้
Application period cannot be outside leave allocation period,การสมัครงานไม่สามารถเกินระยะเวลาการกำหนดพักผ่อนได้
Apply Now,สมัครเลย
Apprentice,ผู้ฝึกงาน
Approval Status,สถานะการอนุมัติ
Approval Status must be 'Approved' or 'Rejected',สถานะการอนุมัติต้องเป็น 'อนุมัติ' หรือ 'ปฏิเสธ'
As per your assigned Salary Structure you cannot apply for benefits,ตามโครงสร้างเงินเดือนที่ได้รับมอบหมายของคุณ คุณไม่สามารถสมัครขอรับสวัสดิการได้
Assign,กำหนด
Assign Salary Structure,กำหนดโครงสร้างเงินเดือน
Assign to Employees,กำหนดให้กับพนักงาน
Assigning Structures...,กำหนดโครงสร้าง...
Attendance,การลงเวลาทำงาน
Attendance From Date and Attendance To Date is mandatory,ประเมินข้อมูลเวลาที่ลงเข้างานตั้งแต่วันที่และข้อมูลเวลาที่ลงออกงานถึงวันที่ถือเป็นข้อมูลที่ต้องกรอก
Attendance for employee {0} is already marked for this day,การมาเป็นพนักงานของ {0} ถูกทำเครื่องหมายไว้แล้วสำหรับวันนี้
Attendance not submitted for {0} as it is a Holiday.,ข้อมูลการเข้างานไม่ได้ส่งสำหรับ {0} เนื่องจากเป็นวันหยุด
Bank Entries,รายการเข้าบัญชีธนาคาร
Base,ฐาน
Beginner,ผู้เริ่มต้น
Birthday Reminder,การเตือนเกี่ยวกับวันเกิด
Bonus Payment Date cannot be a past date,วันที่จ่ายโบนัสต้องไม่เป็นวันที่ผ่านมา
Calls,โทร
Cannot find active Leave Period,ไม่สามารถหางวดลาที่ใช้งานอยู่ได้
Casual Leave,การลาพักผ่อน
Claimed Amount,จำนวนที่เคลม
Compensatory Off,พักรักษาแทน
Contact Number,หมายเลขติดต่อ
Course,คอร์ส
Create Disbursement Entry,สร้างรายการจ่ายเงิน
Create Salary Slip,สร้างใบเสร็จรับเงินเงินเดือน
Create Salary Slips,สร้างใบเงินเดือน
Creating Payment Entries......,สร้างรายการชำระเงิน
Creating Salary Slips...,สร้างสลิปเงินเดือน...
Current,ปัจจุบัน
Current Job Openings,ตำแหน่งงานปัจจุบัน
Daily Work Summary,สรุปการทำงานประจำวัน
Daily Work Summary Group,กลุ่มสรุปการทำงานประจำวัน
Date is repeated,วันที่ถูกทำซ้ำ
Debit A/C Number,หมายเลขบัญชีเดบิต
Deduction,การหัก
Document Status,สถานะของเอกสาร
Earning,รายได้
Employee A/C Number,หมายเลขบัญชีของพนักงาน
Employee Benefits,ผลประโยชน์สำหรับพนักงาน
Employee Grade, เกรดพนักงาน
Employee Referral, ผู้แนะนำพนักงาน
Employee relieved on {0} must be set as 'Left',พนักงานที่ถูกผ่อนคลายในวันที่ {0} ต้องถูกตั้งค่าเป็น 'ออก'
Employee {0} already submited an apllication {1} for the payroll period {2},พนักงาน {0} ได้ส่งใบสมัคร {1} สำหรับงวดเงินเดือน {2} แล้ว
Employee {0} has no maximum benefit amount,พนักงาน {0} ไม่มีจำนวนสิทธิการเบิกจ่ายสูงสุด
Employee {0} is not active or does not exist,พนักงาน {0} ไม่ได้เปิดใช้งานหรือไม่มีอยู่
Employee {0} is on Leave on {1},พนักงาน {0} กำลังลางานวันที่ {1}
Employee {0} on Half day on {1},พนักงาน {0} ทำงานครึ่งวันเมื่อวันที่ {1}
End time cannot be before start time,เวลาสิ้นสุดไม่สามารถเกิดก่อนเวลาเริ่มต้นได้
Evaluation,การประเมิน
Event Location,สถานที่จัดกิจกรรม
Event Name,ชื่อเหตุการณ์
Expense Claim for Vehicle Log {0},การเคลมค่าใช้จ่ายสำหรับบันทึกยานพาหนะ {0}
Expense Claim {0} already exists for the Vehicle Log,ค่าใช้จ่ายการเคลม {0} มีอยู่แล้วสำหรับบันทึกข้อมูลของยานพาหนะ
Fill the form and save it,กรอกแบบฟอร์มและบันทึกเอาไว้
Filter Employees By (Optional),กรองพนักงานโดย (ไม่บังคับ)
Fiscal Year {0} not found,พบว่าไม่มีปีบัญชี {0} ในระบบการจัดการทรัพยากรบุคคล
Food,อาหาร
For Employee,สำหรับพนักงาน
From Date {0} cannot be after employee's relieving Date {1},จากวันที่ {0} ต้องไม่เกินวันที่พนักงานออกจากตำแหน่ง {1}
From Date {0} cannot be before employee's joining Date {1},จากวันที่ {0} ไม่สามารถก่อนวันเข้าร่วมงานของพนักงาน {1} ได้
From date can not be less than employee's joining date,จากวันที่ไม่สามารถน้อยกว่าวันที่เข้าร่วมงานของพนักงานได้
Fuel Price,ราคาเชื้อเพลิง
Fuel Qty,ปริมาณเชื้อเพลิง
Full-time,เต็มเวลา
Future dates not allowed,ต้องห้ามใช้วันที่ในอนาคต
Get Details From Declaration,รับรายละเอียดจากประกาศ
Get Employees,รับสมัครพนักงาน
Gross Pay,รายได้ขั้นต้น
Guest,ผู้เยี่ยมชม
Half Day,ครึ่งวัน
Half Day Date is mandatory,การระบุวันที่หนึ่งครึ่งเป็นสิ่งจำเป็น
Half Day Date should be between From Date and To Date,ค่าวันครึ่งวันควรอยู่ระหว่างวันที่เริ่มต้นและวันที่สิ้นสุด
Half Day Date should be in between Work From Date and Work End Date,ครึ่งวันที่ต้องอยู่ระหว่างวันที่เริ่มงานและวันที่สิ้นสุดการทำงาน
Half day date should be in between from date and to date,ครึ่งวันที่ต้องอยู่ระหว่างวันที่เริ่มต้นและวันที่สิ้นสุดตามระบบการจัดการทรัพยากรบุคคล
Hello,สวัสดี
House rent paid days overlapping with {0},การเช่าบ้านที่ชำระเงินในวันที่ ซ้ำซ้อนกับ {0}
House rented dates required for exemption calculation,วันที่ให้เช่าบ้านที่จำเป็นสำหรับการคำนวณการยกเว้น โดยใช้ระบบการจัดการทรัพยากรมนุษย์
House rented dates should be atleast 15 days apart,วันที่เช่าบ้านควรห่างกันอย่างน้อย 15 วัน
Interest Amount,ยอดดอกเบี้ย
Intern,เด็กฝึกงาน
Job Description,คำอธิบายงาน
Job Offer,ข้อเสนองาน
Jobs,งาน
Leave Approval Notification,การแจ้งอนุมัติการลา
Leave Blocked,ขาดการอนุญาต
Leave Encashment,การแลกเปลี่ยนการลา
Leave Status Notification,การแจ้งสถานะการลา
Leave Type,ประเภทการลา
Leave Type is madatory,ประเภทการลาเป็นข้อมูลที่ต้องระบุ
Leave Type {0} cannot be allocated since it is leave without pay,ประเภทการลา {0} ไม่สามารถจัดสรรได้เนื่องจากเป็นการลาโดยไม่ได้รับค่าจ้าง
Leave Type {0} cannot be carry-forwarded,ไม่สามารถถ่ายโอนที่ปรึกษาประเภท {0} ได้
Leave Type {0} is not encashable,ประเภทการลา {0} ไม่สามารถแลกเปลี่ยนเป็นเงินสดได้
Leave Without Pay,ลาโดยไม่ได้รับค่าจ้าง
"Leave cannot be allocated before {0}, as leave balance has already been carry-forwarded in the future leave allocation record {1}",ไม่สามารถจัดสรรการลาก่อน {0} เนื่องจากยอดการลาถูกนำมายกไปในบันทึกการจัดสรรการลาในอนาคต {1}
"Leave cannot be applied/cancelled before {0}, as leave balance has already been carry-forwarded in the future leave allocation record {1}",ไม่สามารถใช้/ยกเลิกการลาก่อน {0} ได้ เนื่องจากยอดการลาถูกนำไปสู่บันทึกการจัดสรรการลาในอนาคต {1} แล้ว
Leave of type {0} cannot be longer than {1},การลาประเภท {0} ต้องไม่เกิน {1}
Leaves,การลา
Leaves Allocated Successfully for {0},กำหนดวันลาสำเร็จสำหรับ {0}
Leaves per Year,การลาต่อปี
Lifecycle,วงจรชีวิต
Mark Attendance,ลงเวลางาน
Max Exemption Amount cannot be greater than maximum exemption amount {0} of Tax Exemption Category {1},ยอดเงินยกเว้นสูงสุดต้องไม่เกินยอดเงินยกเว้นสูงสุด {0} ของหมวดยกเว้นภาษี {1}
Max benefits should be greater than zero to dispense benefits,ประโยชน์สูงสุดควรมากกว่าศูนย์เพื่อให้เกิดประโยชน์
Maximum amount eligible for the component {0} exceeds {1},ปริมาณสูงสุดที่มีสิทธิ์สำหรับส่วนประกอบ {0} เกิน {1}
Maximum benefit amount of component {0} exceeds {1},จำนวนประโยชน์สูงสุดของส่วนประกอบ {0} เกินกว่า {1}
Maximum benefit amount of employee {0} exceeds {1},จำนวนสูงสุดของผลประโยชน์ของพนักงาน {0} เกิน {1}
Maximum leave allowed in the leave type {0} is {1},การลาสูงสุดที่อนุญาตให้ใช้ในประเภทการลา {0} คือ {1}
Medical,การแพทย์
Mode of payment is required to make a payment,โหมดการชำระเงินเป็นสิ่งที่จำเป็นในการทำการชำระเงิน
More than one selection for {0} not allowed,ไม่อนุญาตให้เลือกได้มากกว่าหนึ่งตัวเลือกสำหรับ {0}
Net Pay,ค่าจ้างสุทธิ
Net Pay cannot be less than 0,การจ่ายเงินสุทธิไม่สามารถต่ำกว่า 0 ได้
Net Salary Amount,ยอดเงินเดือนสุทธิ
Net pay cannot be negative,เงินเดือนสุทธิไม่สามารถเป็นลบได้
No Employee Found,ไม่พบพนักงาน
No Salary Structure assigned for Employee {0} on given date {1},ไม่มีโครงสร้างเงินเดือนที่กำหนดไว้สำหรับพนักงาน {0} ในวันที่กำหนด {1}
No Staffing Plans found for this Designation,ไม่พบแผนการจัดบุคลากรสำหรับตำแหน่งนี้
No active or default Salary Structure found for employee {0} for the given dates,ไม่พบโครงสร้างเงินเดือนที่ใช้งานหรือเป็นค่าเริ่มต้นสำหรับพนักงาน {0} สำหรับวันที่ที่ระบุ
No more updates,ไม่มีการอัพเดตเพิ่มเติม
No replies from,ไม่มีการตอบกลับ
No salary slip found to submit for the above selected criteria OR salary slip already submitted,ไม่พบสลิปเงินเดือนที่จะส่งในเกณฑ์ที่เลือกด้านบน หรือจะสลิปเงินเดือนที่ส่งแล้ว
Nothing to change,ไม่มีอะไรต้องเปลี่ยน
Notice Period,กำหนดเวลาประกาศลาออก
Only Leave Applications with status 'Approved' and 'Rejected' can be submitted,เฉพาะใบลาที่มีสถานะ 'อนุมัติ' และ 'ปฏิเสธ' เท่านั้นที่สามารถส่งได้
Optional Holiday List not set for leave period {0},วันหยุดบริษัทที่เลือกหยุดไม่ได้ถูกตั้งค่าสำหรับช่วงการลา {0}
Part-time,พนักงานรายวัน
Password policy for Salary Slips is not set,นโยบายรหัสผ่านสำหรับสลิปเงินเดือนยังไม่ได้ตั้งค่า
Payment Days,วันที่ชำระเงิน
Payment of {0} from {1} to {2},การชำระเงินของ {0} จาก {1} ไปยัง {2}
Payroll,บัญชีเงินเดือน
Payroll Number,หมายเลขบัญชีเงินเดือน
Piecework,งานเหมา
Please add the remaining benefits {0} to any of the existing component,โปรดเพิ่มประโยชน์ที่เหลือ {0} เข้ากับส่วนประกอบที่มีอยู่เดิม
Please confirm once you have completed your training,กรุณายืนยันหลังจากที่คุณได้ทำการฝึกอบรมเรียบร้อยแล้ว
Please enable default incoming account before creating Daily Work Summary Group,กรุณาเปิดใช้บัญชีรับเรื่องเริ่มต้นตามค่าเริ่มต้นก่อนสร้างกลุ่มสรุปงานประจำวัน
Please select Company and Designation,กรุณาเลือก บริษัทและตำแหน่งงาน
Please select Employee,โปรดเลือกพนักงาน
Please select a csv file,กรุณาเลือกไฟล์ csv ตามระบบการจัดการทรัพยากรบุคคล
Please set default template for Leave Approval Notification in HR Settings.,กรุณาตั้งค่าเทมเพลตเริ่มต้นสำหรับการแจ้งเตือนการอนุมัติการลาในการตั้งค่าทรัพยากรบุคคล
Please set default template for Leave Status Notification in HR Settings.,โปรดตั้งค่าเทมเพลตเริ่มต้นสำหรับการแจ้งเตือนสถานะการลาในการตั้งค่าทรัพยากรบุคคล
Please set the Company,โปรดตั้งบริษัท
Please set the Date Of Joining for employee {0},โปรดตั้งค่าวันที่เข้าสู่ระบบสำหรับพนักงาน {0}
Please share your feedback to the training by clicking on 'Training Feedback' and then 'New',"โปรดแบ่งปันความคิดเห็นของคุณในการฝึกอบรมโดยคลิกที่ ""ข้อเสนอแนะเกี่ยวกับการอบรม"" จากนั้นคลิกที่ ""ใหม่"""
Please update your status for this training event,กรุณาอัปเดตสถานะของคุณสำหรับกิจกรรมการฝึกอบรมนี้
Present,มาทำงาน
Preview Salary Slip,ดูตัวอย่างใบเงินเดือน
Privilege Leave,การลาพักผ่อนพิเศษ
Probation,การบรรจุเข้าที่อยู่ในการทดลองงาน
Probationary Period,ระยะเวลาฝึกงาน
Property,คุณสมบัติ
Property already added,เพิ่มคุณสมบัติแล้ว
Replies,ตอบกลับ
Responsibilities,หน้าที่และความรับผิดชอบ
Role,บทบาท
Row {0}# Allocated amount {1} cannot be greater than unclaimed amount {2},แถว {0} # จำนวนที่จัดสรร {1} ไม่สามารถมีค่ามากกว่ายอดที่ยังไม่ได้เรียกร้อง {2} ได้
Row {0}# Paid Amount cannot be greater than requested advance amount,แถว {0}  #จำนวนเงินที่ต้องจ่ายไม่สามารถมากกว่าจำนวนเงินที่ขอล่วงหน้าได้
Salary Slip ID,รหัสใบเงินเดือน
Salary Slip of employee {0} already created for this period,สลิปเงินเดือนของพนักงาน {0} ได้ถูกสร้างไว้สำหรับรอบนี้แล้ว
Salary Slip of employee {0} already created for time sheet {1},ใบเงินเดือนของพนักงาน {0} ถูกสร้างไว้แล้วสำหรับแบบฟอร์มเวลาทำงาน {1}
Salary Structure Assignment for Employee already exists,โครงสร้างเงินเดือนสำหรับพนักงานที่มีอยู่แล้ว
Salary Structure Missing,โครงสร้างเงินเดือนที่หายไป
Salary Structure not found for employee {0} and date {1},ไม่พบโครงสร้างเงินเดือนสำหรับพนักงาน {0} และวันที่ {1}
Salary Structure should have flexible benefit component(s) to dispense benefit amount,โครงสร้างเงินเดือนควรมีส่วนประโยชน์ที่ยืดหยุ่นในการจ่ายจำนวนประโยชน์
"Salary already processed for period between {0} and {1}, Leave application period cannot be between this date range.",การเงินของงวดระหว่าง {0} และ {1} ถูกประมวลผลเรียบร้อยแล้ว ช่วงกำหนดการลาต้องไม่อยู่ระหว่างช่วงวันที่ดังกล่าว
Sanctioned Amount cannot be greater than Claim Amount in Row {0}.,จำนวนที่ได้รับการอนุมัติต้องไม่มากกว่าจำนวนที่เรียกร้องในแถว {0} ในระบบการจัดการทรัพยากรบุคคล
Score must be less than or equal to 5,คะแนนต้องน้อยกว่าหรือเท่ากับ 5
Select Property,เลือกทรัพย์สิน
Select an employee to get the employee advance.,เลือกพนักงานเพื่อรับเงินล่วงหน้าของพนักงาน
Service Expense,ค่าใช้จ่ายบริการ
Show Employee,แสดงพนักงาน
Show Salary Slip,แสดงสลิปเงินเดือน
Sick Leave,การลาป่วย
"Skipping Salary Structure Assignment for the following employees, as Salary Structure Assignment records already exists against them. {0}",ข้ามการกำหนดโครงสร้างเงินเดือนสำหรับพนักงานต่อไปนี้ เนื่องจากมีการบันทึกการกำหนดโครงสร้างเงินเดือนอยู่แล้วสำหรับพนักงานเหล่านี้ {0}
Staffing Plan {0} already exist for designation {1},แผนจัดทำบุคลากร {0} มีอยู่แล้วสำหรับตำแหน่ง {1}
"Start and end dates not in a valid Payroll Period, cannot calculate {0}",ไม่สามารถคำนวณ {0} ได้เนื่องจากวันเริ่มและสิ้นสุดไม่อยู่ในช่วงเวลาของรอบการจ่ายค่าแรงที่ถูกต้อง
"Start and end dates not in a valid Payroll Period, cannot calculate {0}.",ไม่สามารถคำนวณ {0} ได้เนื่องจากวันที่เริ่มต้นและสิ้นสุดไม่อยู่ในช่วงเวลาการจ่ายเงินเดือนที่ถูกต้อง
Stock Options,ตัวเลือกหุ้น
Structures have been assigned successfully,โครงสร้างถูกกำหนดได้อย่างสำเร็จ
Submit Proof,เสนอหลักฐาน
Submit Salary Slip,เสนอใบเงินเดือน
Submit this to create the Employee record,ส่งเอกสารนี้เพื่อสร้างบันทึกข้อมูลพนักงาน
Submitting Salary Slips...,ส่งใบเสร็จเงินเดือน...
Team Updates,อัปเดตทีม
Thank you,ขอขอบคุณ
The day(s) on which you are applying for leave are holidays. You need not apply for leave.,วันที่คุณขอลางานเป็นวันหยุด คุณไม่ต้องขอลานัก
There are more holidays than working days this month.,เดือนนี้มีวันหยุดมากกว่าวันทำงาน
There is no leave period in between {0} and {1},ไม่มีช่วงการลาอยู่ระหว่าง {0} และ {1}
This is based on the attendance of this Employee,นี่เป็นการพิจารณาจากการลงเวลาทำงานของพนักงานคนนี้
This will submit Salary Slips and create accrual Journal Entry. Do you want to proceed?,นี้จะส่งซับซีตกเบิกเงินเดือนและสร้างรายการบัญชีเพิ่มเติม คุณต้องการดำเนินการต่อหรือไม่?
To date can not be equal or less than from date,วันที่ปัจจุบันต้องไม่เท่ากับหรือน้อยกว่าวันที่เริ่มต้น
To date can not be less than from date,ไม่สามารถตั้งวันที่ก่อนวันที่ปัจจุบันได้
To date can not greater than employee's relieving date,วันที่ในปัจจุบันไม่สามารถมีค่ามากกว่าวันที่สำหรับการยกเลิกของพนักงาน
Total Absent,หายไปทั้งหมด
Total Deduction,หักออกทั้งหมด
Total Leaves,จำนวนวันลารวม
Total Present,สถานะปัจจุบันทั้งหมด
Total advance amount cannot be greater than total sanctioned amount,จำนวนยอดเงินที่ได้รับมัดจำทั้งหมดต้องไม่เกินยอดเงินที่ได้รับการอนุมัติทั้งหมด
Total flexible benefit component amount {0} should not be less than max benefits {1},ค่าส่วนประโยชน์ยืดหยุ่นรวมทั้งหมด {0} ไม่ควรน้อยกว่าส่วนประโยชน์สูงสุด {1}
Total leaves allocated is mandatory for Leave Type {0},การกำหนดจำนวนวันลาทั้งหมดจำเป็นสำหรับประเภทการลา {0}
Total working hours should not be greater than max working hours {0},รวมชั่วโมงการทำงานไม่ควรเกินชั่วโมงการทำงานสูงสุด {0}
Training,การฝึกอบรม
Training Event,เหตุการณ์การฝึกอบรม
Training Events,กิจกรรมการฝึกอบรม
Training Feedback,การให้คำติชมเกี่ยวกับการฝึกอบรม
Training Result,ผลการฝึกอบรม
Travel,การเดินทาง
Update Response,อัปเดตการตอบกลับ
Value missing,ค่าวัตถุประสงค์ที่ขาดหายไป
Variable,ตัวแปร
Walk In,Walk In
Warning: Leave application contains following block dates,คำเตือน: ใบสมัครลาประกอบไปด้วยวันที่บล็อกต่อไป
Website Listing,รายชื่อเว็บไซต์
Work Summary for {0},สรุปการทำงานสำหรับ {0}
You are not authorized to approve leaves on Block Dates,คุณไม่ได้รับอนุญาตให้อนุมัติการลาในวันที่ถูกบล็อค
You are not present all day(s) between compensatory leave request days,คุณไม่อยู่ที่นี่ตลอดวันทั้งหมดระหว่างวันที่ร้องขอวันลาเพื่อชดเชย
You can only submit Leave Encashment for a valid encashment amount,คุณสามารถส่งการแลกใช้การลาได้เฉพาะเมื่อมีจำนวนการแลกใช้ที่ถูกต้อง
{0} already allocated for Employee {1} for period {2} to {3},{0} จัดสรรสำหรับพนักงาน {1} แล้วสำหรับรอบระยะเวลา {2} ถึง {3}
{0} applicable after {1} working days,{0} ใช้ได้หลังจาก {1} วันทำการ
{0} is not in Optional Holiday List,{0} ไม่อยู่ในวันหยุดบริษัทเสริม
{0} is not in a valid Payroll Period,{0} ไม่อยู่ในระยะเวลาการจ่ายเงินเดือนที่ถูกต้อง
{0} must be submitted,ต้องส่ง {0} รายการ
"{0}: Employee email not found, hence email not sent",{0}: ไม่พบอีเมลของพนักงาน อีเมล์นี้จึงไม่ได้ถูกส่ง
{0}: From {0} of type {1},{0}: จาก {0} ประเภท {1}
Conditions,เงื่อนไข
Percent,เปอร์เซ็นต์
Error in some rows,ข้อผิดพลาดในบางแถว
Benefit,ประโยชน์
Shift,การเปลี่ยนงาน
Importing {0} of {1},นำเข้า {0} จาก {1}
employee_field_value' and 'timestamp' are required.,ต้องระบุ &#39;employee_field_value&#39; และ &#39;timestamp&#39;
Allocation Expired!,การจัดสรรหมดอายุ
Attendance Marked,การเข้างานได้รับการบันทึก
Attendance has been marked as per employee check-ins,การลงเวลาทำงานได้ถูกทำเครื่องหมายตามการเช็คอินของพนักงาน
Date Range,ช่วงวันที่
Event Link,ลิงก์กิจกรรม
Expire Allocation,หมดอายุการจัดสรร
Fuel Expense,ค่าใช้จ่ายเชื้อเพลิง
Intermediate,สื่อกลาง
Leave application is linked with leave allocations {0}. Leave application cannot be set as leave without pay,การสมัครลาจะเชื่อมโยงกับการจัดสรรการลา {0} การสมัครลาไม่สามารถตั้งค่าเป็นการลาโดยไม่จ่ายค่าจ้างได้
Log Type is required for check-ins falling in the shift: {0}.,ประเภทบันทึกจำเป็นสำหรับการเช็คอินที่ตรงกับกะงาน: {0}
No Employee found for the given employee field value. '{}': {},ไม่พบข้อมูลพนักงานสำหรับค่าฟิลด์พนักงานที่กำหนดให้ '{}': {}
No Leaves Allocated to Employee: {0} for Leave Type: {1},ไม่มีวันลาที่จัดสรรให้กับพนักงาน: {0} สำหรับประเภทการลา: {1}
Only expired allocation can be cancelled,เฉพาะการจัดสรรที่หมดอายุเท่านั้นที่สามารถยกเลิกได้
Only users with the {0} role can create backdated leave applications,เฉพาะผู้ใช้ที่มีบทบาท {0} เท่านั้นที่สามารถสร้างใบลากลับวันที่ผ่านมาได้
Password policy cannot contain spaces or simultaneous hyphens. The format will be restructured automatically,นโยบายรหัสผ่านต้องไม่มีช่องว่างหรือเครื่องหมายขีดกลางพร้อมกัน รูปแบบจะถูกแก้ไขโดยอัตโนมัติ
Please enter the designation,กรุณาใส่ตำแหน่งงาน
There are no vacancies under staffing plan {0},ไม่มีตำแหน่งงานที่ว่างใต้แผนการจัดหางาน {0}
This employee already has a log with the same timestamp.{0},พนักงานคนนี้มีบันทึกแล้วที่มีเครื่องหมายเวลาเดียวกัน.{0}
Timing,การจับเวลา
To date needs to be before from date,ถึงวันที่ต้องอยู่ก่อนวันที่ต้องจาก (Translation: ถึงวันที่ต้องอยู่ก่อนจากวันที่)
Total Early Exits,การออกจากตำแหน่งงานก่อนกำหนดรวมทั้งหมด
Total Late Entries,จำนวนการเข้างานสายทั้งหมด
Training Event:,เหตุการณ์การฝึกอบรม
Unable to find Salary Component {0},ไม่สามารถค้นหาส่วนประกอบเงินเดือน {0} ได้
Unmarked Attendance for days,การลงเวลาทำงานที่ไม่ถูกบันทึก
Vacancies cannot be lower than the current openings,ว่างงานไม่สามารถต่ำกว่างานที่ว่างอยู่ปัจจุบันได้
{} is an invalid Attendance Status.,{} ไม่ใช่สถานภาพการเข้างานที่ถูกต้อง
Printed On,พิมพ์บน
No employee found,ไม่พบพนักงาน
Please setup Employee Naming System in Human Resource > HR Settings,กรุณาตั้งค่าระบบตั้งชื่อพนักงานในส่วนทรัพยากรบุคคล > การตั้งค่าทรัพยากรบุคคล
Please setup numbering series for Attendance via Setup > Numbering Series,กรุณาติดตั้งการตั้งค่าซีรีย์ตัวเลขสำหรับการเช็กชื่อผ่านทางการตั้งค่า > ซีรีย์ตัวเลข
Current Odometer Value should be greater than Last Odometer Value {0},ค่าอ้อมาตราณดังกล่าวควรมากกว่าค่าอ้อมาตราณล่าสุด {0}
No additional expenses has been added,ไม่มีค่าใช้จ่ายเพิ่มเติมได้ถูกเพิ่มขึ้น
{0} already exists for employee {1} and period {2},{0} มีอยู่แล้วสำหรับพนักงาน {1} และช่วงเวลา {2}
Leaves Allocated,วันลาที่จัดสรรแล้ว
Leave Without Pay does not match with approved {} records,ลาไม่ได้รับเงินโดยไม่ตรงกับรายการที่ได้รับการอนุมัติ {}
Income Tax Slab not set in Salary Structure Assignment: {0},ไม่ได้กำหนดขั้นบันไดภาษีเงินได้ในโครงสร้างเงินเดือนการมอบหมาย: {0}
Income Tax Slab: {0} is disabled,ขั้นต่ำของภาษีเงินได้: {0} ได้ถูกปิดใช้งาน
Income Tax Slab must be effective on or before Payroll Period Start Date: {0},ได้รับการแปลเป็นภาษาไทยโดยใช้ระบบการจัดการทรัพยากรบุคคล แสดงผลเฉพาะแค่การแปลเท่านั้น
No leave record found for employee {0} on {1},ไม่พบประวัติการลาสำหรับพนักงาน {0} ในวันที่ {1}
Row {0}: {1} is required in the expenses table to book an expense claim.,แถว {0}: {1} จำเป็นต้องมีในตารางค่าใช้จ่ายเพื่อทำการจองค่าใช้จ่าย
Set the default account for the {0} {1},ตั้งบัญชีเริ่มต้นสำหรับ {0} {1}
(Half Day),(ครึ่งวัน)
Income Tax Slab,ช่วงภาษีเงินได้
Row #{0}: Cannot set amount or formula for Salary Component {1} with Variable Based On Taxable Salary,แถว #{0}: ไม่สามารถกำหนดจำนวนหรือสูตรสำหรับส่วนประกอบเงินเดือน {1} ที่มีความเป็นอยู่ต่ออัตราภาษีได้
Repay From Salary can be selected only for term loans,มีตัวเลือกให้เลือกใช้งานเครดิตหักจากเงินเดือนเฉพาะสำหรับสินเชื่อระยะเวลาเท่านั้น
Salary Component Account,บัญชีส่วนประกอบเงินเดือน
Default Bank / Cash account will be automatically updated in Salary Journal Entry when this mode is selected.,บัญชีธนาคาร / เงินสดเริ่มต้นจะถูกอัปเดตโดยอัตโนมัติในรายการบันทึกเงินเดือนเมื่อเลือกโหมดนี้
Result,ผลลัพธ์
Total Score,คะแนนรวม
Joining Date,วันเข้าทำงาน
Publish on website,เผยแพร่บนเว็บไซต์
Application Status,สถานะใบสมัคร
IN,ใน
Remind Before,เตือนก่อน
Reminded,เตือน
Additional Salary,เงินเดือนเพิ่มเติม
HR-ADS-.YY.-.MM.-,HR-ADS-.YY .-. MM.-
Salary Component,ส่วนประกอบของเงินเดือน
Overwrite Salary Structure Amount,เขียนทับหรืออัพเดทจำนวนโครงสร้างเงินเดือน
Deduct Full Tax on Selected Payroll Date,หักภาษีเต็มรายได้ในวันที่เลือกในระบบการจัดการทรัพยากรบุคคล
Payroll Date,วันเงินเดือน
Salary Component Type,ประเภทส่วนประกอบเงินเดือน
Appointment Letter,จดหมายนัด
Appointment Date,วันนัดหมาย
Appointment Letter Template,แบบจดหมายแต่งตั้งงาน
Closing Notes,หมายเหตุการปิด
Appointment Letter content,เนื้อหาในจดหมายการนัดหมาย
Appraisal,การประเมิน
HR-APR-.YY.-.MM.,HR-APR-.YY.-.MM
For Employee Name,สำหรับชื่อพนักงาน
Goals,เป้าหมาย (pêh-mâai)
Total Score (Out of 5),คะแนนรวม (จาก 5)
"Any other remarks, noteworthy effort that should go in the records.",ข้อคิดเห็นอื่น ๆ หรือความพยายามที่มีความสำคัญที่ควรระบุไว้ในทะเบียน
Appraisal Goal,เป้าหมายในการประเมินค่างาน
Key Responsibility Area,พื้นที่ความรับผิดชอบสำคัญ
Weightage (%),เปอร์เซ็นต์การคิดน้ำหนัก
Score (0-5),คะแนน (0-5)
Score Earned,คะแนนที่ได้รับ
Appraisal Template Title,หัวข้อแบบประเมิน
Appraisal Template Goal,เป้าหมายของแบบฟอร์มการประเมิน (ปัจจัยทางมูลค่าทรัพยากรมนุษย์)
KRA,กระ
Key Performance Area,พื้นที่ประสิทธิผลหลัก
HR-ATT-.YYYY.-,HR-ATT-.YYYY.-
On Leave,ในวันลา
Work From Home,ทำงานจากที่บ้าน
Leave Application,แบบฟอร์มการลา
Attendance Date,วันที่เข้าร่วม
Attendance Request, ใบขอเข้างาน
Late Entry,การเข้างานช้า
Early Exit,การออกจากแบบก่อการร้ายล่วงหน้า
Half Day Date,ครึ่งวัน + วันที่
On Duty,บนหน้าที่
Explanation,คำอธิบาย
Compensatory Leave Request,คำขอการลาชดเชย
Leave Allocation,การจัดสรรวันลา
Worked On Holiday,ทำงานในวันหยุด
Work From Date,วันที่เริ่มทำงาน
Work End Date,วันที่สิ้นสุดการทำงาน
Email Sent To,ถูกส่งไปยังอีเมล
Select Users,เลือกผู้ใช้
Send Emails At,ส่งอีเมลที่
Reminder,การเตือนความจำ
Daily Work Summary Group User,สรุปงานประจำวันของกลุ่มผู้ใช้งาน
email,อีเมล
Department Approver,ผู้อนุมัติแผนก
Approver,ผู้อนุมัติ
Designation Skill,ทักษะในตำแหน่ง (สำหรับระบบการจัดการทรัพยากรบุคคล)
Skill,ทักษะ
Leave Policy,นโยบายการลา
Salary Details,รายละเอียดเงินเดือน
HR-EAD-.YYYY.-,HR-EAD-.YYYY.-
Claimed,การเรียกร้อง
Employee Attendance Tool, เครื่องมือจัดการเวลาทำงาน
Unmarked Attendance,เข้าร่วมการประชุม/งาน ไม่ได้ถูกทำเครื่องหมาย
Employees HTML,พนักงาน HTML
Marked Attendance,ตรวจสอบการเข้างาน
Marked Attendance HTML,การเช็คชื่อเข้างานที่มีเค้า HTML
Employee Benefit Application,คำขอสิทธิประโยชน์ของพนักงาน
Max Benefits (Yearly),ประโยชน์สูงสุด (รายปี)
Remaining Benefits (Yearly),ผลประโยชน์ที่เหลือ (รายปี)
Payroll Period,ช่วงเวลาค่าจ้าง
Dispensed Amount (Pro-rated),ปริมาณที่จ่าย (สัดส่วน)
Employee Benefit Application Detail,รายละเอียดใบสมัครสวัสดิการของพนักงาน
Earning Component,ส่วนที่ได้รับรายได้
Pay Against Benefit Claim,ค่าใช้จ่ายสำหรับการเรียกร้องสิทธิประโยชน์
Max Benefit Amount,จำนวนเงินสวัสดิการสูงสุด
Employee Benefit Claim,การเคลมสวัสดิการของพนักงาน
Claim Date,วันที่เรียกร้อง
Claim Benefit For,อ้างประโยชน์สำหรับ
Max Amount Eligible,ยอดเงินสูงสุดที่มีสิทธิ์
Expense Proof,การยืนยันค่าใช้จ่าย
Employee Boarding Activity,กิจกรรมการเข้าร่วมงานของพนักงาน
Activity Name,ชื่อกิจกรรม
Required for Employee Creation,ต้องการสำหรับการสร้างพนักงาน
Applicable in the case of Employee Onboarding,สามารถใช้ได้ในกรณีของการรับเข้าตำแหน่งงานของพนักงาน
Employee Checkin,การตอกบัตร
Log Type,ประเภทบันทึก
OUT,ออก
Location / Device ID,สถานที่ / รหัสอุปกรณ์
Skip Auto Attendance,ข้ามการลงเวลาทำงานอัตโนมัติ
Shift Start,เวลาเริ่มงาน
Shift End,การสิ้นสุดเวร
Shift Actual Start,เริ่มเวลาที่ทำงานจริงของกะ
Shift Actual End,สิ้นสุดการเข้าเวรจริง
Default Salary Structure,โครงสร้างเงินเดือนเริ่มต้น
Employee Health Insurance,การประกันสุขภาพของพนักงาน
Health Insurance Name,ชื่อประกันสุขภาพ
Employee Incentive,แรงจูงใจของพนักงาน
Incentive Amount,จำนวนเงินที่จูงใจ
Employee Onboarding,การสร้างความรู้ให้กับพนักงานใหม่
Notify users by email,แจ้งผู้ใช้ทางอีเมล
Employee Onboarding Template,แม่แบบการบริหารงานทรัพยากรบุคคลในการบริหารงานและสร้างความเข้าใจองค์กร
Employee Other Income,รายได้อื่น ๆ ของพนักงาน
Employee Promotion,การโปรmotionพนักงาน
Promotion Date,วันที่โปรโมชั่น
Employee Promotion Details,รายละเอียดการส่งเสริมพนักงาน
Employee Property History,ประวัติทรัพย์สินของพนักงาน
Employee Separation,การยุติสัญญาจ้างงาน
Employee Separation Template,แม่แบบการแยกจากกันของพนักงาน
Exit Interview Summary,'สรุปการสัมภาษณ์แล้วจบ'
Employee Skill,ทักษะของพนักงาน
Proficiency,ความเชี่ยวชาญ
Evaluation Date,วันที่ประเมิน
Employee Skill Map,แผนที่ความสามารถของพนักงาน
Employee Skills,ทักษะของพนักงาน
Trainings,การฝึกอบรม
Employee Tax Exemption Category,หมวดการยกเว้นภาษีของพนักงาน
Max Exemption Amount,ค่ายกเว้นสูงสุด
Employee Tax Exemption Declaration,การประกาศการยกเว้นภาษีของพนักงาน
Declarations,การประกาศ
Total Declared Amount,ยอดรวมจำนวนที่ประกาศ
Total Exemption Amount,จำนวนเงินยกเว้นทั้งหมด
Employee Tax Exemption Declaration Category,ประเภทประกาศการยกเว้นภาษีพนักงาน
Exemption Sub Category,หมวดยกเว้นในการจัดการทรัพยากรมนุษย์
Exemption Category,หมวดการยกเว้น
Maximum Exempted Amount,จำนวนเงินที่ได้รับการยกเว้นสูงสุด
Declared Amount,ยอดเงินที่ประกาศ
Employee Tax Exemption Proof Submission,การส่งเอกสารยืนยันการยกเว้นภาษีของพนักงาน
Submission Date,วันที่ยื่น
Tax Exemption Proofs,หลักฐานการยกเว้นภาษี
Total Actual Amount,จำนวนเงินรวมที่แท้จริง
Employee Tax Exemption Proof Submission Detail,การส่งหลักฐานการยกเว้นภาษีของพนักงานแบบละเอียด
Maximum Exemption Amount,ยอดการยกเว้นสูงสุด
Type of Proof,ประเภทของการพิสูจน์
Actual Amount,จำนวนเงินที่เกิดขึ้นจริง
Employee Tax Exemption Sub Category,หมวดย่อยการยกเว้นภาษีของพนักงาน
Tax Exemption Category,หมวดการยกเว้นภาษี
Employee Training,การฝึกอบรมพนักงาน
Training Date,การฝึกอบรม
Employee Transfer,การย้ายสายงานของพนักงาน
Transfer Date,วันโอนงาน
Employee Transfer Details,รายละเอียดการโอนย้ายพนักงาน
Employee Transfer Detail,รายละเอียดการโอนพนักงาน
Re-allocate Leaves,จัดสรรวันลาใหม่
Create New Employee Id,สร้างรหัสพนักงานใหม่
New Employee ID,โค้ดพนักงานใหม่
HR-EXP-.YYYY.-,HR-EXP-.YYYY.-
Expense Taxes and Charges,ค่าใช้จ่าย ภาษี และค่าใช้จ่าย
Total Sanctioned Amount,ยอดรวมที่ได้รับการจัดสรร
Total Advance Amount,ค่าล่วงเวลารวมทั้งหมด
Total Claimed Amount,ยอดเคลมทั้งหมด
Total Amount Reimbursed,ยอดรวมที่ได้รับคืน
Vehicle Log,บันทึกพาหนะ
Employees Email Id,หมายเลขอีเมลของพนักงาน
More Details,ข้อมูลเพิ่มเติม
Expense Claim Account,บัญชีเรียกร้องค่าใช้จ่าย
Expense Claim Advance,ค่าใช้จ่ายล่วงหน้า
Expense Claim Detail,รายละเอียดค่าใช้จ่าย
Expense Date,วันที่จ่ายเงินในระบบการจัดการทรัพยากรบุคคล
Expense Claim Type,ประเภทค่าใช้จ่าย
HR Settings,การตั้งค่าแอชชั่นบริหารทรัพยากรบุคคล
Employee Settings,การตั้งค่าพนักงาน
Expense Approver Mandatory In Expense Claim,หัวหน้าชี้จ่ายค่าใช้จ่ายเป็นบังคับในการเรียกร้องค่าใช้จ่าย
Payroll Settings,การตั้งค่าเงินเดือน
Leave,ลา
Max working hours against Timesheet, ชั่วโมงสูงสุดต่อการทำงาน 1 ช่วง
Include holidays in Total no. of Working Days, รวมวันหยุดลงในวันทำงานด้วย
If enabled, total no. of working days will include holidays, and this will reduce the value of Salary Per Day, ถ้าติ้กถูกจำนวนการหักเงินเดือนต่อวันจะลดลง
"If checked, Total no. of Working Days will include holidays, and this will reduce the value of Salary Per Day",หากตรวจสอบแล้ว จำนวนวันทำงานทั้งหมดจะรวมวันหยุด และสิ่งนี้จะลดค่าตอบแทนต่อวัน
"If checked, hides and disables Rounded Total field in Salary Slips","ถ้าติ้กถูก การคำนวนเงินเดือนจะไม่ปัดเศษ"
The fraction of daily wages to be paid for half-day attendance,ส่วนที่ต้องจ่ายของค่าจ้างรายวันสำหรับการมาปฏิบัติงานครึ่งวัน 50% คือ 0.5
Email Salary Slip to Employee,อีเมลสลิปเงินเดือนถึงพนักงาน
Emails salary slip to employee based on preferred email selected in Employee,ส่งรายการเงินเดือนผ่านอีเมลถึงพนักงานโดยอิงตามอีเมลที่ถูกเลือกเป็นที่ต้องการในระบบการจัดการทรัพยากรบุคคล
Encrypt Salary Slips in Emails,เข้ารหัสสลิปเงินเดือนในอีเมลของคุณ
"The salary slip emailed to the employee will be password protected, the password will be generated based on the password policy.",ใบเงินเดือนที่ส่งไปทางอีเมลถึงพนักงานจะมีการป้องกันด้วยรหัสผ่าน รหัสผ่านจะถูกสร้างขึ้นโดยใช้นโยบายเกี่ยวกับรหัสผ่าน
Password Policy,นโยบายการรักษาความปลอดภัยของรหัสผ่าน
<b>Example:</b> SAL-{first_name}-{date_of_birth.year} <br>This will generate a password like SAL-Jane-1972,<b>ตัวอย่าง:</b> SAL- {first_name} - {date_of_birth.year} <br> สิ่งนี้จะสร้างรหัสผ่านเช่น SAL-Jane-1972
Leave Approval Notification Template,อบรมการอนุมัติการลา เทมเพลตการแจ้งอนุมัติการลา
Leave Status Notification Template,แบบฟอร์มแจ้งสถานะการลา
Role Allowed to Create Backdated Leave Application,บทบาทที่อนุญาตให้สร้างใบลาย้อนหลัง
Leave Approver Mandatory In Leave Application,การอนุมัติผู้ลาต้องเป็นการบังคับในใบลา
Show Leaves Of All Department Members In Calendar,แสดงวันลาของสมาชิกทุกแผนกในปฏิทิน
Auto Leave Encashment,การหักเงินมูลค่าวันลาอัตโนมัติ
Hiring Settings,การตั้งค่าการสร้างเป้าหมายการจัดหางาน
Check Vacancies On Job Offer Creation,ตรวจสอบช่องว่างในการสร้างข้อเสนองาน
Identification Document Type,ประเภทเอกสารการระบุตัวตน
Effective from,ประสบความสำเร็จจาก
Allow Tax Exemption,อนุญาตการยกเว้นภาษี
"If enabled, Tax Exemption Declaration will be considered for income tax calculation.",หากเปิดใช้งานแล้ว ใบแสดงการยกเว้นภาษีจะถูกพิจารณาในการคำนวณภาษีเงินได้
Standard Tax Exemption Amount,ยอดยกเว้นภาษีมาตรฐาน
Taxable Salary Slabs,ช่วงเงินเดือนที่ต้องเสียภาษี
Taxes and Charges on Income Tax,ภาษีและค่าธรรมเนียมที่เกี่ยวกับภาษีเงินได้
Other Taxes and Charges,ภาษีและค่าธรรมเนียมอื่นๆ
Income Tax Slab Other Charges,ภาษีเงินได้ตารางการเรียกเก็บภาษีอื่น ๆ
Min Taxable Income,รายได้ที่ต้องเสียภาษีขั้นต่ำ
Max Taxable Income,รายได้ที่ต้องเสียภาษีสูงสุด
Applicant for a Job,ผู้สมัครงาน
Job Opening,ตำแหน่งงาน
Cover Letter,จดหมายสมัครงาน
Resume Attachment,ไฟล์ประกอบเรซูเม่
Job Applicant Source,แหล่งผู้สมัครงาน
Applicant Email Address,ที่อยู่อีเมลของผู้สมัคร
Awaiting Response,กำลังรอคำตอบ
Job Offer Terms,เงื่อนไขข้อเสนองาน
Select Terms and Conditions,เลือกเงื่อนไขและข้อตกลง
Job Offer Term,เงื่อนไขข้อเสนองาน
Offer Term,เงื่อนไขข้อเสนอ
Value / Description,ค่าความสำคัญ / คำอธิบาย
Description of a Job Opening,คำอธิบายของตำแหน่งงาน
Staffing Plan,แผนการจัดทำบุคลากร
Planned number of Positions,จำนวนตำแหน่งที่วางแผน
"Job profile, qualifications required etc.",ข้อมูลประวัติบุคคลงาน คุณสมบัติที่จำเป็นและอื่นๆ
HR-LAL-.YYYY.-,HR-LAL-.YYYY.-
New Leaves Allocated,วันลาใหม่ที่จัดสรรเอาไว้
Add unused leaves from previous allocations,เพิ่มวันลาที่ไม่ได้ใช้จากการจัดสรรก่อนหน้านี้
Unused leaves,วันลาที่ยังไม่ได้ใช้
Total Leaves Allocated,จำนวนวันลาทั้งหมดที่จัดสรร
Total Leaves Encashed,จำนวนวันลาคงเหลือที่ถูกแลกเปลี่ยน
Leave Period,ช่วงการลา
Carry Forwarded Leaves,วันลาที่ถูกนำไปใช้ต่อ
Apply / Approve Leaves,Apply / Approve Leaves: ยื่น/อนุมัติการลา
HR-LAP-.YYYY.-,HR-LAP-.YYYY.-
Leave Balance Before Application,ค่าสิทธิ์การลาก่อนที่สมัคร
Total Leave Days,จำนวนวันลาทั้งหมด
Leave Approver Name,ชื่อผู้อนุมัติการลา
Follow via Email,ติดตามผ่านทางอีเมล
Block Holidays on important days.,บล็อกวันหยุดในวันที่สำคัญ
Leave Block List Name,ออกจากรายชื่อบล็อกของชื่อ
Applies to Company,เป็นการใช้กับองค์กร
"If not checked, the list will have to be added to each Department where it has to be applied.",หากไม่ได้ตรวจสอบ เราจะต้องเพิ่มรายการลงในแต่ละแผนกที่ต้องใช้งาน
Block Days,วันบล็อค
Stop users from making Leave Applications on following days.,ห้ามผู้ใช้ทำการส่งใบลาในวันที่ตามนี้
Leave Block List Dates,วันที่ในรายการบล็อคการลา
Allow Users,อนุญาตให้ผู้ใช้
Allow the following users to approve Leave Applications for block days.,อนุญาตให้ผู้ใช้ต่อไปนี้สามารถอนุมัติใบลาสำหรับวันที่ถูกบล็อกได้
Leave Block List Allowed,อณุญาตให้ออกจากรายการบล็อกที่ได้รับอนุญาต
Leave Block List Allow,ออกจากรายการบล็อกแต่อนุญาตให้ออก
Allow User,อนุญาตให้ผู้ใช้งาน
Leave Block List Date,วันที่ออกจากรายการบล็อก
Block Date,วันบล็อค
Leave Control Panel, เครื่องมือจัดการวันลา
Employment Type (optional),แบบงาน (ตัวเลือก)
Branch (optional),สาขา (ไม่บังคับ)
Department (optional),แผนก (ไม่บังคับ)
Designation (optional),ตำแหน่ง (ตัวเลือก)
Employee Grade (optional),ระดับพนักงาน (ไม่บังคับ)
Employee (optional),พนักงาน (ตัวเลือก)
Allocate Leaves,กำหนดวันลา
Carry Forward,ส่งต่อ
Please select Carry Forward if you also want to include previous fiscal year's balance leaves to this fiscal year,กรุณาเลือก Carry Forward หากคุณต้องการรวมวันลาคงเหลือจากปีงบประมาณก่อนหน้านี้เข้าไปในปีงบประมาณปัจจุบัน
New Leaves Allocated (In Days),วันลาใหม่ที่ได้รับการจัดสรร (ในวัน)
Leave Balance,ยอดคงเหลือการลา
Encashable days,วันที่สามารถแลกเปลี่ยน
Encashment Amount,จำนวนการแลกเงิน
Leave Ledger Entry,สมุดบัญชีการลา
Transaction Name,ชื่อธุรกรรม
Is Carry Forward,ไม่มีการกระทำถ่ายโอน
Is Expired,หมดอายุ
Is Leave Without Pay,ไม่มีเงินเดินทางหยุดงาน
Holiday List for Optional Leave,วันหยุดบริษัทสำหรับการลาออฟชั่น (Holiday List for Optional Leave)
Leave Allocations,การจัดสรรการลา
Leave Policy Details,รายละเอียดนโยบายการลา
Leave Policy Detail,นโยบายการลาละเอียด
Annual Allocation,การจัดสรรปีละครั้ง
Leave Type Name,ชื่อประเภทการลา
Applicable After (Working Days),ข้อบังคับที่ใช้ได้หลังจาก (วันทำงาน)
Is Optional Leave,เป็นการลาเพิ่มเติมแบบเพิ่มเติม
Allow Negative Balance,อนุญาตยอมรับยอดคงเหลือลบ
Include holidays within leaves as leaves,รวมวันหยุดในการลาเป็นวันหยุด
Is Compensatory,โครงสร้างการบริหารทรัพยากรมนุษย์ที่ได้รับค่าตอบแทน
Maximum Carry Forwarded Leaves,สูงสุดของการนำวันหยุดย้อนหลัง
Expire Carry Forwarded Leaves (Days),วันหมดอายุการถ่ายโอนวันลา (วัน)
Calculated in days,คำนวณเป็นวัน
Encashment,การได้เป็นเงินสด
Allow Encashment,อนุญาตให้เรียกเก็บเงิน
Encashment Threshold Days,วันค่าเงินสะสมวงเงินสูงสุด
Earned Leave,การลาที่ได้รับ
Is Earned Leave, เป็นการลาที่ได้รับ
Earned Leave Frequency,ความถี่ได้รับการลา
Rounding,การปัดเศษ
Payroll Employee Detail,รายละเอียดของพนักงานในระบบเงินเดือน
Payroll Frequency,ความถี่ในการจ่ายค่าจ้าง
Fortnightly,สัปดาห์ละครั้ง
Bimonthly,ระยะเวลาสองเดือนครั้ง
Employees,พนักงาน
Number Of Employees,จำนวนพนักงาน
Employee Details,รายละเอียดพนักงาน
Validate Attendance, ยืนยันการลงเวลาทำงาน
Filter Employees, กรองพนักงาน
Salary Slip Based on Timesheet,จ่ายค่าจ้างตาม Timesheet
Deduct Tax For Unclaimed Employee Benefits,หักภาษีสำหรับสวัสดิการของพนักงานที่ไม่ได้รับ
Deduct Tax For Unsubmitted Tax Exemption Proof,หักภาษีสำหรับหลักฐานการยกเว้นภาษีที่ไม่ได้ส่ง
Select Payment Account to make Bank Entry,เลือกบัญชีการชำระเงินเพื่อทำรายการธนาคาร
Salary Slips Created,สร้างสลิปเงินเดือน
Salary Slips Submitted,ใบเงินเดือนที่ส่งแล้ว
Payroll Periods,ช่วงเวลาการจ่ายค่าจ้าง
Payroll Period Date,วันที่ภาคเงินเดือน
Purpose of Travel,วัตถุประสงค์ของการเดินทาง
Retention Bonus,โบนัสการเก็บรักษา
Bonus Payment Date,วันที่จ่ายโบนัส
Bonus Amount,จำนวนโบนัส
Depends on Payment Days,ขึ้นอยู่กับวันที่ชำระเงิน
Is Tax Applicable,"แปลว่า ""มีการเสียภาษีหรือไม่"""
Variable Based On Taxable Salary,ตัวแปรที่ขึ้นอยู่กับเงินเดือนที่ต้องเสียภาษี
Exempted from Income Tax,ยกเว้นจากภาษีเงินได้
Round to the Nearest Integer,ปัดเศษไปสู่จำนวนเต็มที่ใกล้ที่สุด
Statistical Component,ส่วนผลิตภาพทางสถิติ
"If selected, the value specified or calculated in this component will not contribute to the earnings or deductions. However, it's value can be referenced by other components that can be added or deducted. ",หากถูกเลือก ค่าที่ระบุหรือคำนวณในส่วนนี้จะไม่มีส่วนร่วมในการสร้างรายได้หรือการหักเงิน แต่ค่าของมันสามารถอ้างอิงได้โดยส่วนประกอบอื่นที่สามารถเพิ่มหรือหักได้
Do Not Include in Total,ไม่รวมอยู่ในรวมทั้งหมด
Flexible Benefits,สิทธิประโยชน์ที่ยืดหยุ่น
Is Flexible Benefit,มีระบบสวัสดิการที่ยืดหยุ่น
Max Benefit Amount (Yearly),จำนวนสูงสุดของประโยชน์ (รายปี)
Only Tax Impact (Cannot Claim But Part of Taxable Income),เฉพาะผลกระทบทางภาษี (ไม่สามารถเรียกร้องได้ แต่เป็นส่วนหนึ่งของรายได้ที่มีการเสียภาษี)
Create Separate Payment Entry Against Benefit Claim,สร้างรายการชำระเงินแยกตามการเรียกเคลมผลประโยชน์
Amount based on formula,ยอดเงินที่ขึ้นอยู่กับสูตร
Formula,สูตร
Salary Detail,รายละเอียดเงินเดือน
Component,ส่วนประกอบ
Do not include in total,อย่ารวมเข้าไปในยอดรวม
Default Amount,ยอดเริ่มต้น
Additional Amount,ค่าเพิ่มเติม
Tax on flexible benefit,ภาษีตามสิทธิประโยชน์ที่เปลี่ยนแปลงได้
Tax on additional salary,ภาษีเงินเดือนเพิ่มเติม
Salary Structure,โครงสร้างเงินเดือน
Working Days,วันทำงาน
Salary Slip Timesheet,สลิปเงินเดือนใบเวลาการทำงาน
Earnings,รายได้
Deductions,ข้อหักเงิน
Total in words,ยอดรวมในลายหนังสือ
Salary Component for timesheet based payroll.,ส่วนประกอบเงินเดือนสำหรับการจ่ายเงินเดือนตามแบบฟอร์มประจำวันทำงาน
Leave Encashment Amount Per Day,จำนวนเงินในการแลกคืนวันลาต่อวัน
Max Benefits (Amount),ประโยชน์สูงสุด (จำนวน)
Salary breakup based on Earning and Deduction.,การแยกเงินเดือนตามรายได้และหักบัญชีเงินได้กับระบบจัดการทรัพยากรบุคคล
Total Earning,รายได้รวม
Salary Structure Assignment,การมอบหมายโครงสร้างเงินเดือน
Shift Assignment,การมอบหมายกะทำงาน
Shift Type,กะทำงาน
Shift Request,คำขอเปลี่ยนกะ
Enable Auto Attendance,เปิดใช้งานการลงเวลาทำงานโดยอัตโนมัติ
Mark attendance based on 'Employee Checkin' for Employees assigned to this shift.,อัปเดตการเข้างานของพนักงานตามการเช็คอินของพนักงานที่ได้รับมอบหมายเข้าสู่กะงานนี้
Auto Attendance Settings,การตั้งค่าการเข้างานอัตโนมัติ
Determine Check-in and Check-out,ระบุการเช็คอินและเช็คเอาท์
Alternating entries as IN and OUT during the same shift,สลับการเข้าและออกเป็น IN และ OUT ในระหว่างเวลาทำงานเดียวกัน
Strictly based on Log Type in Employee Checkin,เป็นไปตามประเภทของบันทึกการเข้างานของพนักงาน โดยเฉพาะเช่นเคย โดยการจัดการทรัพยากรมนุษย์
Working Hours Calculation Based On,การคำนวณชั่วโมงการทำงาน โดยพิจารณาจากระบบการจัดการทรัพยากรบุคคล
First Check-in and Last Check-out,การเช็คอินครั้งแรกและการเช็คเอาท์ครั้งสุดท้าย
Every Valid Check-in and Check-out,ทุกครั้งที่เช็คอินและเช็คเอ้าท์ที่ถูกต้อง
Begin check-in before shift start time (in minutes),เริ่มเช็คอินก่อนเวลาเริ่มงาน (เป็นนาที)
The time before the shift start time during which Employee Check-in is considered for attendance.,เวลาก่อนเวลาเริ่มต้นการเปลี่ยนกะที่พิจารณาตรวจสอบการเข้างานของพนักงานในระบบการจัดการทรัพยากรบุคคล
Allow check-out after shift end time (in minutes),อนุญาตให้ทำการยกเลิกหลังจากเวลาสิ้นสุดเข้าการทำงาน (เป็นนาที)
Time after the end of shift during which check-out is considered for attendance.,ช่วงเวลาหลังจากสิ้นสุดเวลาทำงาน ในระหว่างนั้นจะพิจารณาการเช็คเอาท์สำหรับการลงเวลาทำงาน
Working Hours Threshold for Half Day,เกณฑ์เวลาทำงานสำหรับจำนวนชั่วโมงครึ่งวัน
Working hours below which Half Day is marked. (Zero to disable),ชั่วโมงการทำงานที่ต่ำกว่า เมื่อเต็มวันถือเป็นครึ่งวัน (หนึ่งถึงศูนย์เพื่อปิดการใช้งาน)
Working Hours Threshold for Absent,วงเงินอัตราการทำงานสำหรับการขาดงาน
Working hours below which Absent is marked. (Zero to disable),เวลาทำงานที่ต่ำกว่านั้นจะถูกทำเครื่องหมายว่าขาดงาน (ศูนย์เพื่อปิดใช้งาน)
Process Attendance After,กระบวนการบันทึกการเข้างานหลัง
Attendance will be marked automatically only after this date.,การลงเวลาทำงานจะถูกบันทึกโดยอัตโนมัติเท่านั้นหลังจากวันนี้
Last Sync of Checkin,การซิงค์ล่าสุดของการเช็กอิน
Last Known Successful Sync of Employee Checkin. Reset this only if you are sure that all Logs are synced from all the locations. Please don't modify this if you are unsure.,การซิงค์ครั้งสุดท้ายที่สำเร็จของการเช็คอินของพนักงานที่รู้จักล่าสุด รีเซ็ตเฉพาะหากคุณแน่ใจว่าทุกบันทึกถูกซิงค์จากทุกสถานที่แล้ว กรุณาอย่าแก้ไขหากคุณไม่แน่ใจ
Grace Period Settings For Auto Attendance,การตั้งค่าระยะเวลาโปรดให้กับระบบการลงเวลาทำงานอัตโนมัติ (Grace Period Settings For Auto Attendance)
Enable Entry Grace Period,อนุญาตให้มีระยะเวลากลางเข้า
Late Entry Grace Period,ระยะเวลาเพิ่มเข้างานช้า
The time after the shift start time when check-in is considered as late (in minutes).,เวลาหลังจากเวลาเริ่มงานหลังจากที่การเช็คอินถือว่าสาย (ในหน่วยเป็นนาที)
Enable Exit Grace Period,เปิดใช้งานระยะเวลาออกจากงานอย่างสงบสุข
Early Exit Grace Period,ระยะเวลาออกจากงานก่อนกำหนด (Early Exit Grace Period)
The time before the shift end time when check-out is considered as early (in minutes).,เวลาก่อนเวลาสิ้นสุดเวลาเปลี่ยนกะที่ถือว่าเป็นเวลาเช็คเอ้าตันก่อนครึ่งวันขาด (เป็นนาที)
Skill Name,การบริหารทรัพยากรบุคคล
Staffing Plan Detail,รายละเอียดแผนการจัดทำบุคคลากร
Total Estimated Budget,งบประมาณโดยประมาณทั้งหมด
Vacancies,ตำแหน่งว่าง
Estimated Cost Per Position,ค่าใช้จ่ายโดยประมาณต่อตำแหน่ง
Total Estimated Cost,ค่าใช้จ่ายโดยประมาณทั้งหมด
Current Count,จำนวนปัจจุบัน
Current Openings,การเปิดรับสมัครปัจจุบัน
Number Of Positions,จำนวนตำแหน่ง
Taxable Salary Slab,ช่วงเงินเดือนที่ต้องเสียภาษี
From Amount,จากจำนวน
To Amount,เป็นจำนวนที่ต้องชำระ
Percent Deduction,การหักเปอร์เซ็นต์
Training Program,โปรแกรมการฝึกอบรม
Event Status,สถานะของเหตุการณ์
Has Certificate,มีใบรับรอง
Seminar,เสวนา
Theory,ทฤษฎี
Workshop,การฝึกอบรม
Conference,การประชุม
Exam,การสอบ
Internet,อินเทอร์เน็ต
Self-Study,การศึกษาด้วยตนเอง
Advance,ความก้าวหน้า
Trainer Name,ชื่อผู้ฝึกอบรม
Trainer Email,อีเมลของผู้ฝึกอบรม
Attendees,ผู้เข้าร่วม
Employee Emails,อีเมลพนักงาน
Training Event Employee,การฝึกอบรมพนักงาน
Invited,ได้รับเชิญ
Feedback Submitted,ส่งข้อเสนอแนะแล้ว
Training Result Employee,การประเมินผลการฝึกอบรมของพนักงาน
Travel Itinerary,แผนการเดินทาง
Travel From,การเดินทางจาก
Travel To,เดินทางไป
Mode of Travel,วิธีการเดินทาง
Flight,การบิน
Train,รถไฟ
Taxi,ระบบการจัดการทรัพยากรมนุษย์ของธุรกิจแปรงถ่าย
Rented Car,รถเช่า
Meal Preference,การเลือกประเภทอาหาร
Vegetarian,สุขภาพที่ดีไม่รับประทานเนื้อสัตว์
Non-Vegetarian,ไม่เป็นผู้รับประทานอาหารมังสวิรัติ
Gluten Free,ปราศจากกลูเตน
Non Diary,Non Diary
Travel Advance Required,จำเป็นต้องเดินทางล่วงหน้า
Departure Datetime,วันที่และเวลาเดินทาง
Arrival Datetime,วันที่ถึงเวลาที่มาถึง
Lodging Required,ที่พักจำเป็น
Preferred Area for Lodging,พื้นที่ที่ต้องการพักลำดับแรก
Check-in Date,วันที่เช็คอิน
Check-out Date,วันที่เช็คเอาท์
Travel Request,คำขอการเดินทาง
Travel Type,ประเภทการเดินทาง
Domestic,ภายในประเทศ
International,ระหว่างประเทศ
Travel Funding,การสนับสนุนการเดินทาง
Require Full Funding,ต้องการการเงินเต็มรูปแบบ
Fully Sponsored,การสนับสนุนเต็มที่
"Partially Sponsored, Require Partial Funding","ภาคเรียนบางส่วน, ต้องการการทุนบางส่วน"
Copy of Invitation/Announcement,สำเนาของเชิญ/ประกาศ
"Details of Sponsor (Name, Location)","รายละเอียดของผู้สนับสนุน (ชื่อ, ที่ตั้ง)"
Identification Document Number,หมายเลขเอกสารประจำตัว
Any other details,ข้อมูลเพิ่มเติมอื่น ๆ
Costing Details,รายละเอียดค่าใช้จ่าย
Event Details,รายละเอียดเหตุการณ์
Name of Organizer,ชื่อผู้จัดอันดับ
Address of Organizer,ที่อยู่ของผู้จัดงาน
Travel Request Costing,การขอเดินทางที่ใช้ค่าใช้จ่าย
Expense Type,ประเภทค่าใช้จ่าย
Sponsored Amount,จำนวนที่ได้รับการสนับสนุน
Funded Amount,ยอดที่ได้รับการสนับสนุน
Upload Attendance,อัปโหลดข้อมูลการเข้างาน
Attendance From Date,วันที่เริ่มใช้งาน
Attendance To Date,การลงเวลาทำงานถึงวันนี้
Get Template,รับแบบแผนที่เป็นระบบการจัดการทรัพยากรบุคคล
Import Attendance,นำเข้าการลงเวลาทำงาน
Upload HTML,อัปโหลด HTML
HR-VLOG-.YYYY.-,HR-VLOG-.YYYY.-
Odometer Reading,การอ่านมาตรวัดระยะทาง
Current Odometer value,ค่ามาตรวัดระยะทางปัจจุบัน
Refuelling Details,รายละเอียดการเติมเชื้อเพลิง
Invoice Ref,หมายเลขใบแจ้งหนี้
Service Details,รายละเอียดของบริการ
Vehicle Service,บริการรถยนต์
Service Item,รายการบริการ
Brake Oil,น้ำมันเบรก (Brake Oil)
Brake Pad,ครัชเบรค
Clutch Plate,แผ่นคลัทช์
Engine Oil,น้ำมันเครื่อง
Oil Change,การเปลี่ยนน้ำมัน
Inspection,การตรวจสอบ
Mileage,การขับรถ
Salary Slip Loan,สินเชื่อสลิปเงินเดือน
Loan Repayment Entry,การบันทึกคืนเงินกู้
May,พฤษภาคม
June,เดือนมิถุนายน
July,กรกฎาคม
Bank Remittance,การส่งเงินผ่านธนาคาร
Daily Work Summary Replies,ข้อความสรุปการทำงานประจำวัน
Employee Advance Summary,สรุปยอดข้ามของพนักงาน
Employees working on a holiday,พนักงานที่ทำงานในวันหยุด
Monthly Attendance Sheet,แบบฟอร์มบันทึกการเข้างานรายเดือน
Salary Register,ทะเบียนเงินเดือน
Unpaid Expense Claim,ค่าใช้จ่ายที่ยังไม่ได้รับการชำระ
Payment Account is mandatory,บัญชีการชำระเงินเป็นสิ่งจำเป็นโดยระบบจัดการทรัพยากรบุคคล
"If checked, the full amount will be deducted from taxable income before calculating income tax without any declaration or proof submission.",หากถูกตรวจสอบแล้ว จำนวนเงินเต็มจะถูกหักลดจากรายได้ที่ต้องเสียภาษีก่อนการคำนวณภาษีเงินได้โดยไม่ต้องมีการแถลงการณ์หรือยื่นเอกสารอะไรเพิ่มเติม
In Time,เวลาเข้า
Out Time,เวลาออก
Is Recurring,เป็นสิ่งที่เกิดซ้ำ
HRA Exemption,การยกเว้น HRA
Monthly House Rent,การเช่าบ้านรายเดือน
Rented in Metro City,เช่าในเมโทรซิตี้
HRA as per Salary Structure,HRA ตามโครงสร้างเงินเดือน
Annual HRA Exemption,การยกเว้น HRA ประจำปี
Monthly HRA Exemption,การยกเว้น HRA รายเดือน
House Rent Payment Amount,จำนวนเงินค่าเช่าบ้าน
Rented From Date,เช่าตั้งแต่วันที่
Rented To Date,เช่าจนถึงปัจจุบัน
Monthly Eligible Amount,จำนวนเงินที่มีสิทธิ์ต่อเดือน
Total Eligible HRA Exemption,การยกเว้น HRA ที่มีสิทธิ์ทั้งหมด
Validating Employee Attendance...,กำลังตรวจสอบการลงเวลาทำงานองพนักงาน ...
Submitting Salary Slips and creating Journal Entry...,การส่งสลิปเงินเดือนและการสร้างรายการบันทึก ...
Calculate Payroll Working Days Based On, คำนวนเงินเดือนตาม
Consider Unmarked Attendance As, ถ้าพนักงานไม่ได้ถูกลงเวลาทำงานจะถูกนับเป็น
Fraction of Daily Salary for Half Day, อัตราส่งในการจ่ายเงินครึ่งวัน
Component Type,ประเภทส่วนประกอบ
Provident Fund,กองทุนสำรองเลี้ยงชีพ
Additional Provident Fund,กองทุนสำรองเลี้ยงชีพเพิ่มเติม
Provident Fund Loan,เงินกู้กองทุนสำรองเลี้ยงชีพ
Professional Tax,ภาษีวิชาชีพ
Is Income Tax Component,เป็นส่วนประกอบของภาษีเงินได้
Component properties and references,คุณสมบัติของส่วนประกอบและการอ้างอิง
Additional Salary,เงินเดือนเพิ่มเติม
Unmarked days,วันที่ไม่มีเครื่องหมาย
Absent Days,วันที่ขาด
Conditions and Formula variable and example,เงื่อนไขและสูตรตัวแปรและตัวอย่าง
Income Tax Deductions,การหักภาษีเงินได้
Income Tax Component,องค์ประกอบภาษีเงินได้
Income Tax Amount,จำนวนภาษีเงินได้
Unmarked Days,วันที่ไม่มีเครื่องหมาย
Jan,ม.ค.
Feb,ก.พ.
Mar,มี.ค.
Apr,เม.ย.
Aug,ส.ค.
Sep,ก.ย.
Oct,ต.ค.
Nov,พ.ย.
Dec,ธ.ค.
Summarized View,มุมมองสรุป
Professional Tax Deductions,การลดหย่อนภาษีอย่างมืออาชีพ
Provident Fund Deductions,การหักเงินกองทุนสำรองเลี้ยงชีพ
Recruitment Analytics,การวิเคราะห์การสรรหาบุคลากร
Applicant name,ชื่อผู้สมัคร
Job Offer status,สถานะข้อเสนองาน
On Date,ในวันที่
Salary Payments Based On Payment Mode,การจ่ายเงินเดือนตามโหมดการชำระเงิน
Salary Payments via ECS,การจ่ายเงินเดือนผ่าน ECS
Account No,เลขที่บัญชี
IFSC,IFSC
MICR,MICR
PF Account,บัญชี PF
PF Amount,PF จำนวน
Additional PF,PF เพิ่มเติม
PF Loan,สินเชื่อ PF
Duplicate Entry,รายการที่ซ้ำกัน
Please select Employee first.,กรุณาเลือกพนักงานก่อน
To Date should be greater than From Date,ถึงวันที่ควรมากกว่า From Date
Job Offer: {0} is already for Job Applicant: {1},ข้อเสนองาน: {0} มีไว้สำหรับผู้สมัครงานแล้ว: {1}
Only Shift Request with status 'Approved' and 'Rejected' can be submitted,สามารถส่งได้เฉพาะคำขอเปลี่ยนสถานะ &quot;อนุมัติ&quot; และ &quot;ปฏิเสธ&quot;
Shift Assignment: {0} created for Employee: {1},การมอบหมายงานกะ: {0} สร้างขึ้นสำหรับพนักงาน: {1}
You can not request for your Default Shift: {0},คุณไม่สามารถขอ Default Shift ของคุณได้: {0}
Only Approvers can Approve this Request.,เฉพาะผู้อนุมัติเท่านั้นที่สามารถอนุมัติคำขอนี้
Please set Payroll based on in Payroll settings,โปรดตั้งค่าการจ่ายเงินเดือนตามการตั้งค่าบัญชีเงินเดือน
Additional Salary: {0} already exist for Salary Component: {1} for period {2} and {3},เงินเดือนเพิ่มเติม: {0} มีอยู่แล้วสำหรับองค์ประกอบเงินเดือน: {1} สำหรับช่วงเวลา {2} และ {3}
Payroll date can not be less than employee's joining date.,วันที่รับเงินเดือนต้องไม่น้อยกว่าวันที่เข้าทำงานของพนักงาน
From date can not be less than employee's joining date.,วันที่เริ่มต้นต้องไม่น้อยกว่าวันที่เข้าทำงานของพนักงาน
To date can not be greater than employee's relieving date.,จนถึงปัจจุบันต้องไม่เกินวันปลดประจำการของพนักงาน
Payroll date can not be greater than employee's relieving date.,วันที่รับเงินเดือนต้องไม่เกินวันปลดหนี้ของพนักงาน
Condition and formula,เงื่อนไขและสูตร
Available Leaves,วันลาที่เหลือ
IFSC Code,รหัส IFSC
Others,อื่น ๆ
Total Allocated Leaves,การลาทั้งหมดของกำหนดการลา
Used Leaves,วันลาที่ใช้แล้ว
PAN Number,หมายเลข PAN
Expired Leaves,วันลาที่หมดอายุ
Shift & Attendance, กะและเวลาทำงาน
HRMS,ระบบจัดการทรัพยากรบุคคล
Shifts, กะทำงาน
Hiring vs Attrition Count, กราฟแสดงพนักงานเข้าใหม่และลาออก
Hiring Count, เข้าใหม่
Attrition Count, ลาออก
Human Resources Management, ระบบจัดการทรัพยากรบุคคล,
Show Leave Balances in Salary Slip, แสดงวันลาคงเหลือในสลิปเงินเดือน
Process Payroll Accounting Entry based on Employee, แยกบัญชีเงินเดือนของแต่ละพนักงาน
Define Opening Balance for Earning and Deductions, กำหนดยอดเปิดบัญชี
Working Days and Hours, วันทำงาน
Payroll Payable Account, บัญชีจ่ายเงินเดือน